     title     ,           price             ,             image           
Сотовый телефон Apple iPhone 13 128GB зеленый,66170 сом,https://www.kivano.kg//images/product/105482/1650357323_84906500.png
Сотовый телефон Apple iPhone 13 256GB зеленый,79780 сом,https://www.kivano.kg//images/product/105483/1650357352_25448500.png
Сотовый телефон Apple iPhone 13 Pro Max 256GB зеленый,108180 сом,https://www.kivano.kg//images/product/104490/1647674948_37575000.png
Сотовый телефон Apple iPhone 14 Pro Max 1TB космический черный,161750 сом,https://www.kivano.kg//images/product/111173/1667071163_70803900.jpg
Сотовый телефон Apple iPhone 14 Pro Max 1TB серебристый,161750 сом,https://www.kivano.kg//images/product/111174/1667071276_10960400.jpg
Сотовый телефон Samsung Galaxy S22 8/128GB черный,53880 сом,https://www.kivano.kg//images/product/105293/1649752086_95407900.jpg
Сотовый телефон Samsung Galaxy S22 8/128GB белый,53880 сом,https://www.kivano.kg//images/product/105294/1649752235_95589400.jpg
Сотовый телефон Samsung Galaxy S22 8/128GB розовый,53880 сом,https://www.kivano.kg//images/product/105295/1649753441_00343800.jpg
Сотовый телефон Samsung Galaxy S22 8/128GB зеленый,53880 сом,https://www.kivano.kg//images/product/105296/1649753870_42409800.jpg
Сотовый телефон Samsung Galaxy S22 8/128GB серый,53880 сом,https://www.kivano.kg//images/product/105297/1649754043_99416300.jpg
Сотовый телефон Samsung Galaxy S22 8/128GB голубой,53880 сом,https://www.kivano.kg//images/product/105298/1649754174_37540500.jpg
Сотовый телефон Samsung Galaxy A33 5G 6/128GB черный,23230 сом,https://www.kivano.kg//images/product/106578/1652691752_34677700.jpg
Сотовый телефон Samsung Galaxy S22 8/128GB фиолетовый,53880 сом,https://www.kivano.kg//images/product/105299/1649754295_98434800.jpg
Сотовый телефон Samsung Galaxy A33 5G 6/128GB голубой,23230 сом,https://www.kivano.kg//images/product/106579/1652691866_03439300.jpg
Сотовый телефон Samsung Galaxy S22 8/128GB бежевый,53880 сом,https://www.kivano.kg//images/product/105300/1649754473_41211500.jpg
Сотовый телефон Samsung Galaxy A33 5G 6/128GB персиковый,23230 сом,https://www.kivano.kg//images/product/106580/1652691995_19543500.jpg
Сотовый телефон Samsung Galaxy A53 5G 6/128GB черный,28580 сом,https://www.kivano.kg//images/product/105301/1649760257_29490300.jpg
Сотовый телефон Samsung Galaxy A33 5G 6/128GB белый,23230 сом,https://www.kivano.kg//images/product/106581/1652692112_53592600.jpg
Сотовый телефон Samsung Galaxy A53 5G 6/128GB белый,28580 сом,https://www.kivano.kg//images/product/105302/1649760394_16626600.jpg
Сотовый телефон Samsung Galaxy A53 5G 6/128GB персиковый,28580 сом,https://www.kivano.kg//images/product/105303/1649760623_66398000.jpg
Сотовый телефон Apple iPhone 13 128GB зеленый,66170 сом,https://www.kivano.kg//images/product/105482/1650357323_84906500.png
Сотовый телефон Apple iPhone 13 256GB зеленый,79780 сом,https://www.kivano.kg//images/product/105483/1650357352_25448500.png
Сотовый телефон Apple iPhone 13 Pro Max 256GB зеленый,108180 сом,https://www.kivano.kg//images/product/104490/1647674948_37575000.png
Сотовый телефон Apple iPhone 14 Pro Max 1TB космический черный,161750 сом,https://www.kivano.kg//images/product/111173/1667071163_70803900.jpg
Сотовый телефон Apple iPhone 14 Pro Max 1TB серебристый,161750 сом,https://www.kivano.kg//images/product/111174/1667071276_10960400.jpg
Сотовый телефон Samsung Galaxy S22 8/128GB черный,53880 сом,https://www.kivano.kg//images/product/105293/1649752086_95407900.jpg
Сотовый телефон Samsung Galaxy S22 8/128GB белый,53880 сом,https://www.kivano.kg//images/product/105294/1649752235_95589400.jpg
Сотовый телефон Samsung Galaxy S22 8/128GB розовый,53880 сом,https://www.kivano.kg//images/product/105295/1649753441_00343800.jpg
Сотовый телефон Samsung Galaxy S22 8/128GB зеленый,53880 сом,https://www.kivano.kg//images/product/105296/1649753870_42409800.jpg
Сотовый телефон Samsung Galaxy S22 8/128GB серый,53880 сом,https://www.kivano.kg//images/product/105297/1649754043_99416300.jpg
Сотовый телефон Samsung Galaxy S22 8/128GB голубой,53880 сом,https://www.kivano.kg//images/product/105298/1649754174_37540500.jpg
Сотовый телефон Samsung Galaxy A33 5G 6/128GB черный,23230 сом,https://www.kivano.kg//images/product/106578/1652691752_34677700.jpg
Сотовый телефон Samsung Galaxy S22 8/128GB фиолетовый,53880 сом,https://www.kivano.kg//images/product/105299/1649754295_98434800.jpg
Сотовый телефон Samsung Galaxy A33 5G 6/128GB голубой,23230 сом,https://www.kivano.kg//images/product/106579/1652691866_03439300.jpg
Сотовый телефон Samsung Galaxy S22 8/128GB бежевый,53880 сом,https://www.kivano.kg//images/product/105300/1649754473_41211500.jpg
Сотовый телефон Samsung Galaxy A33 5G 6/128GB персиковый,23230 сом,https://www.kivano.kg//images/product/106580/1652691995_19543500.jpg
Сотовый телефон Samsung Galaxy A53 5G 6/128GB черный,28580 сом,https://www.kivano.kg//images/product/105301/1649760257_29490300.jpg
Сотовый телефон Samsung Galaxy A33 5G 6/128GB белый,23230 сом,https://www.kivano.kg//images/product/106581/1652692112_53592600.jpg
Сотовый телефон Samsung Galaxy A53 5G 6/128GB белый,28580 сом,https://www.kivano.kg//images/product/105302/1649760394_16626600.jpg
Сотовый телефон Samsung Galaxy A53 5G 6/128GB персиковый,28580 сом,https://www.kivano.kg//images/product/105303/1649760623_66398000.jpg
Сотовый телефон Apple iPhone 13 128GB зеленый,66170 сом,https://www.kivano.kg//images/product/105482/1650357323_84906500.png
Сотовый телефон Apple iPhone 13 256GB зеленый,79780 сом,https://www.kivano.kg//images/product/105483/1650357352_25448500.png
Сотовый телефон Apple iPhone 13 Pro Max 256GB зеленый,108180 сом,https://www.kivano.kg//images/product/104490/1647674948_37575000.png
Сотовый телефон Apple iPhone 14 Pro Max 1TB космический черный,161750 сом,https://www.kivano.kg//images/product/111173/1667071163_70803900.jpg
Сотовый телефон Apple iPhone 14 Pro Max 1TB серебристый,161750 сом,https://www.kivano.kg//images/product/111174/1667071276_10960400.jpg
Сотовый телефон Samsung Galaxy S22 8/128GB черный,53880 сом,https://www.kivano.kg//images/product/105293/1649752086_95407900.jpg
Сотовый телефон Samsung Galaxy S22 8/128GB белый,53880 сом,https://www.kivano.kg//images/product/105294/1649752235_95589400.jpg
Сотовый телефон Samsung Galaxy S22 8/128GB розовый,53880 сом,https://www.kivano.kg//images/product/105295/1649753441_00343800.jpg
Сотовый телефон Samsung Galaxy S22 8/128GB зеленый,53880 сом,https://www.kivano.kg//images/product/105296/1649753870_42409800.jpg
Сотовый телефон Samsung Galaxy S22 8/128GB серый,53880 сом,https://www.kivano.kg//images/product/105297/1649754043_99416300.jpg
Сотовый телефон Samsung Galaxy S22 8/128GB голубой,53880 сом,https://www.kivano.kg//images/product/105298/1649754174_37540500.jpg
Сотовый телефон Samsung Galaxy A33 5G 6/128GB черный,23230 сом,https://www.kivano.kg//images/product/106578/1652691752_34677700.jpg
Сотовый телефон Samsung Galaxy S22 8/128GB фиолетовый,53880 сом,https://www.kivano.kg//images/product/105299/1649754295_98434800.jpg
Сотовый телефон Samsung Galaxy A33 5G 6/128GB голубой,23230 сом,https://www.kivano.kg//images/product/106579/1652691866_03439300.jpg
Сотовый телефон Samsung Galaxy S22 8/128GB бежевый,53880 сом,https://www.kivano.kg//images/product/105300/1649754473_41211500.jpg
Сотовый телефон Samsung Galaxy A33 5G 6/128GB персиковый,23230 сом,https://www.kivano.kg//images/product/106580/1652691995_19543500.jpg
Сотовый телефон Samsung Galaxy A53 5G 6/128GB черный,28580 сом,https://www.kivano.kg//images/product/105301/1649760257_29490300.jpg
Сотовый телефон Samsung Galaxy A33 5G 6/128GB белый,23230 сом,https://www.kivano.kg//images/product/106581/1652692112_53592600.jpg
Сотовый телефон Samsung Galaxy A53 5G 6/128GB белый,28580 сом,https://www.kivano.kg//images/product/105302/1649760394_16626600.jpg
Сотовый телефон Samsung Galaxy A53 5G 6/128GB персиковый,28580 сом,https://www.kivano.kg//images/product/105303/1649760623_66398000.jpg
Сотовый телефон Apple iPhone 13 128GB зеленый,66170 сом,https://www.kivano.kg//images/product/105482/1650357323_84906500.png
Сотовый телефон Apple iPhone 13 256GB зеленый,79780 сом,https://www.kivano.kg//images/product/105483/1650357352_25448500.png
Сотовый телефон Apple iPhone 13 Pro Max 256GB зеленый,108180 сом,https://www.kivano.kg//images/product/104490/1647674948_37575000.png
Сотовый телефон Apple iPhone 14 Pro Max 1TB космический черный,161750 сом,https://www.kivano.kg//images/product/111173/1667071163_70803900.jpg
Сотовый телефон Apple iPhone 14 Pro Max 1TB серебристый,161750 сом,https://www.kivano.kg//images/product/111174/1667071276_10960400.jpg
Сотовый телефон Samsung Galaxy S22 8/128GB черный,53880 сом,https://www.kivano.kg//images/product/105293/1649752086_95407900.jpg
Сотовый телефон Samsung Galaxy S22 8/128GB белый,53880 сом,https://www.kivano.kg//images/product/105294/1649752235_95589400.jpg
Сотовый телефон Samsung Galaxy S22 8/128GB розовый,53880 сом,https://www.kivano.kg//images/product/105295/1649753441_00343800.jpg
Сотовый телефон Samsung Galaxy S22 8/128GB зеленый,53880 сом,https://www.kivano.kg//images/product/105296/1649753870_42409800.jpg
Сотовый телефон Samsung Galaxy S22 8/128GB серый,53880 сом,https://www.kivano.kg//images/product/105297/1649754043_99416300.jpg
Сотовый телефон Samsung Galaxy S22 8/128GB голубой,53880 сом,https://www.kivano.kg//images/product/105298/1649754174_37540500.jpg
Сотовый телефон Samsung Galaxy A33 5G 6/128GB черный,23230 сом,https://www.kivano.kg//images/product/106578/1652691752_34677700.jpg
Сотовый телефон Samsung Galaxy S22 8/128GB фиолетовый,53880 сом,https://www.kivano.kg//images/product/105299/1649754295_98434800.jpg
Сотовый телефон Samsung Galaxy A33 5G 6/128GB голубой,23230 сом,https://www.kivano.kg//images/product/106579/1652691866_03439300.jpg
Сотовый телефон Samsung Galaxy S22 8/128GB бежевый,53880 сом,https://www.kivano.kg//images/product/105300/1649754473_41211500.jpg
Сотовый телефон Samsung Galaxy A33 5G 6/128GB персиковый,23230 сом,https://www.kivano.kg//images/product/106580/1652691995_19543500.jpg
Сотовый телефон Samsung Galaxy A53 5G 6/128GB черный,28580 сом,https://www.kivano.kg//images/product/105301/1649760257_29490300.jpg
Сотовый телефон Samsung Galaxy A33 5G 6/128GB белый,23230 сом,https://www.kivano.kg//images/product/106581/1652692112_53592600.jpg
Сотовый телефон Samsung Galaxy A53 5G 6/128GB белый,28580 сом,https://www.kivano.kg//images/product/105302/1649760394_16626600.jpg
Сотовый телефон Samsung Galaxy A53 5G 6/128GB персиковый,28580 сом,https://www.kivano.kg//images/product/105303/1649760623_66398000.jpg
Сотовый телефон Apple iPhone 13 128GB зеленый,66170 сом,https://www.kivano.kg//images/product/105482/1650357323_84906500.png
Сотовый телефон Apple iPhone 13 256GB зеленый,79780 сом,https://www.kivano.kg//images/product/105483/1650357352_25448500.png
Сотовый телефон Apple iPhone 13 Pro Max 256GB зеленый,108180 сом,https://www.kivano.kg//images/product/104490/1647674948_37575000.png
Сотовый телефон Apple iPhone 14 Pro Max 1TB космический черный,161750 сом,https://www.kivano.kg//images/product/111173/1667071163_70803900.jpg
Сотовый телефон Apple iPhone 14 Pro Max 1TB серебристый,161750 сом,https://www.kivano.kg//images/product/111174/1667071276_10960400.jpg
Сотовый телефон Samsung Galaxy S22 8/128GB черный,53880 сом,https://www.kivano.kg//images/product/105293/1649752086_95407900.jpg
Сотовый телефон Samsung Galaxy S22 8/128GB белый,53880 сом,https://www.kivano.kg//images/product/105294/1649752235_95589400.jpg
Сотовый телефон Samsung Galaxy S22 8/128GB розовый,53880 сом,https://www.kivano.kg//images/product/105295/1649753441_00343800.jpg
Сотовый телефон Samsung Galaxy S22 8/128GB зеленый,53880 сом,https://www.kivano.kg//images/product/105296/1649753870_42409800.jpg
Сотовый телефон Samsung Galaxy S22 8/128GB серый,53880 сом,https://www.kivano.kg//images/product/105297/1649754043_99416300.jpg
Сотовый телефон Samsung Galaxy S22 8/128GB голубой,53880 сом,https://www.kivano.kg//images/product/105298/1649754174_37540500.jpg
Сотовый телефон Samsung Galaxy A33 5G 6/128GB черный,23230 сом,https://www.kivano.kg//images/product/106578/1652691752_34677700.jpg
Сотовый телефон Samsung Galaxy S22 8/128GB фиолетовый,53880 сом,https://www.kivano.kg//images/product/105299/1649754295_98434800.jpg
Сотовый телефон Samsung Galaxy A33 5G 6/128GB голубой,23230 сом,https://www.kivano.kg//images/product/106579/1652691866_03439300.jpg
Сотовый телефон Samsung Galaxy S22 8/128GB бежевый,53880 сом,https://www.kivano.kg//images/product/105300/1649754473_41211500.jpg
Сотовый телефон Samsung Galaxy A33 5G 6/128GB персиковый,23230 сом,https://www.kivano.kg//images/product/106580/1652691995_19543500.jpg
Сотовый телефон Samsung Galaxy A53 5G 6/128GB черный,28580 сом,https://www.kivano.kg//images/product/105301/1649760257_29490300.jpg
Сотовый телефон Samsung Galaxy A33 5G 6/128GB белый,23230 сом,https://www.kivano.kg//images/product/106581/1652692112_53592600.jpg
Сотовый телефон Samsung Galaxy A53 5G 6/128GB белый,28580 сом,https://www.kivano.kg//images/product/105302/1649760394_16626600.jpg
Сотовый телефон Samsung Galaxy A53 5G 6/128GB персиковый,28580 сом,https://www.kivano.kg//images/product/105303/1649760623_66398000.jpg
Сотовый телефон Apple iPhone 13 128GB зеленый,66170 сом,https://www.kivano.kg//images/product/105482/1650357323_84906500.png
Сотовый телефон Apple iPhone 13 256GB зеленый,79780 сом,https://www.kivano.kg//images/product/105483/1650357352_25448500.png
Сотовый телефон Apple iPhone 13 Pro Max 256GB зеленый,108180 сом,https://www.kivano.kg//images/product/104490/1647674948_37575000.png
Сотовый телефон Apple iPhone 14 Pro Max 1TB космический черный,161750 сом,https://www.kivano.kg//images/product/111173/1667071163_70803900.jpg
Сотовый телефон Apple iPhone 14 Pro Max 1TB серебристый,161750 сом,https://www.kivano.kg//images/product/111174/1667071276_10960400.jpg
Сотовый телефон Samsung Galaxy S22 8/128GB черный,53880 сом,https://www.kivano.kg//images/product/105293/1649752086_95407900.jpg
Сотовый телефон Samsung Galaxy S22 8/128GB белый,53880 сом,https://www.kivano.kg//images/product/105294/1649752235_95589400.jpg
Сотовый телефон Samsung Galaxy S22 8/128GB розовый,53880 сом,https://www.kivano.kg//images/product/105295/1649753441_00343800.jpg
Сотовый телефон Samsung Galaxy S22 8/128GB зеленый,53880 сом,https://www.kivano.kg//images/product/105296/1649753870_42409800.jpg
Сотовый телефон Samsung Galaxy S22 8/128GB серый,53880 сом,https://www.kivano.kg//images/product/105297/1649754043_99416300.jpg
Сотовый телефон Samsung Galaxy S22 8/128GB голубой,53880 сом,https://www.kivano.kg//images/product/105298/1649754174_37540500.jpg
Сотовый телефон Samsung Galaxy A33 5G 6/128GB черный,23230 сом,https://www.kivano.kg//images/product/106578/1652691752_34677700.jpg
Сотовый телефон Samsung Galaxy S22 8/128GB фиолетовый,53880 сом,https://www.kivano.kg//images/product/105299/1649754295_98434800.jpg
Сотовый телефон Samsung Galaxy A33 5G 6/128GB голубой,23230 сом,https://www.kivano.kg//images/product/106579/1652691866_03439300.jpg
Сотовый телефон Samsung Galaxy S22 8/128GB бежевый,53880 сом,https://www.kivano.kg//images/product/105300/1649754473_41211500.jpg
Сотовый телефон Samsung Galaxy A33 5G 6/128GB персиковый,23230 сом,https://www.kivano.kg//images/product/106580/1652691995_19543500.jpg
Сотовый телефон Samsung Galaxy A53 5G 6/128GB черный,28580 сом,https://www.kivano.kg//images/product/105301/1649760257_29490300.jpg
Сотовый телефон Samsung Galaxy A33 5G 6/128GB белый,23230 сом,https://www.kivano.kg//images/product/106581/1652692112_53592600.jpg
Сотовый телефон Samsung Galaxy A53 5G 6/128GB белый,28580 сом,https://www.kivano.kg//images/product/105302/1649760394_16626600.jpg
Сотовый телефон Samsung Galaxy A53 5G 6/128GB персиковый,28580 сом,https://www.kivano.kg//images/product/105303/1649760623_66398000.jpg
Сотовый телефон Apple iPhone 13 128GB зеленый,66170 сом,https://www.kivano.kg//images/product/105482/1650357323_84906500.png
Сотовый телефон Apple iPhone 13 256GB зеленый,79780 сом,https://www.kivano.kg//images/product/105483/1650357352_25448500.png
Сотовый телефон Apple iPhone 13 Pro Max 256GB зеленый,108180 сом,https://www.kivano.kg//images/product/104490/1647674948_37575000.png
Сотовый телефон Apple iPhone 14 Pro Max 1TB космический черный,161750 сом,https://www.kivano.kg//images/product/111173/1667071163_70803900.jpg
Сотовый телефон Apple iPhone 14 Pro Max 1TB серебристый,161750 сом,https://www.kivano.kg//images/product/111174/1667071276_10960400.jpg
Сотовый телефон Samsung Galaxy S22 8/128GB черный,53880 сом,https://www.kivano.kg//images/product/105293/1649752086_95407900.jpg
Сотовый телефон Samsung Galaxy S22 8/128GB белый,53880 сом,https://www.kivano.kg//images/product/105294/1649752235_95589400.jpg
Сотовый телефон Samsung Galaxy S22 8/128GB розовый,53880 сом,https://www.kivano.kg//images/product/105295/1649753441_00343800.jpg
Сотовый телефон Samsung Galaxy S22 8/128GB зеленый,53880 сом,https://www.kivano.kg//images/product/105296/1649753870_42409800.jpg
Сотовый телефон Samsung Galaxy S22 8/128GB серый,53880 сом,https://www.kivano.kg//images/product/105297/1649754043_99416300.jpg
Сотовый телефон Samsung Galaxy S22 8/128GB голубой,53880 сом,https://www.kivano.kg//images/product/105298/1649754174_37540500.jpg
Сотовый телефон Samsung Galaxy A33 5G 6/128GB черный,23230 сом,https://www.kivano.kg//images/product/106578/1652691752_34677700.jpg
Сотовый телефон Samsung Galaxy S22 8/128GB фиолетовый,53880 сом,https://www.kivano.kg//images/product/105299/1649754295_98434800.jpg
Сотовый телефон Samsung Galaxy A33 5G 6/128GB голубой,23230 сом,https://www.kivano.kg//images/product/106579/1652691866_03439300.jpg
Сотовый телефон Samsung Galaxy S22 8/128GB бежевый,53880 сом,https://www.kivano.kg//images/product/105300/1649754473_41211500.jpg
Сотовый телефон Samsung Galaxy A33 5G 6/128GB персиковый,23230 сом,https://www.kivano.kg//images/product/106580/1652691995_19543500.jpg
Сотовый телефон Samsung Galaxy A53 5G 6/128GB черный,28580 сом,https://www.kivano.kg//images/product/105301/1649760257_29490300.jpg
Сотовый телефон Samsung Galaxy A33 5G 6/128GB белый,23230 сом,https://www.kivano.kg//images/product/106581/1652692112_53592600.jpg
Сотовый телефон Samsung Galaxy A53 5G 6/128GB белый,28580 сом,https://www.kivano.kg//images/product/105302/1649760394_16626600.jpg
Сотовый телефон Samsung Galaxy A53 5G 6/128GB персиковый,28580 сом,https://www.kivano.kg//images/product/105303/1649760623_66398000.jpg
Сотовый телефон Apple iPhone 13 128GB зеленый,66170 сом,https://www.kivano.kg//images/product/105482/1650357323_84906500.png
Сотовый телефон Apple iPhone 13 256GB зеленый,79780 сом,https://www.kivano.kg//images/product/105483/1650357352_25448500.png
Сотовый телефон Apple iPhone 13 Pro Max 256GB зеленый,108180 сом,https://www.kivano.kg//images/product/104490/1647674948_37575000.png
Сотовый телефон Apple iPhone 14 Pro Max 1TB космический черный,161750 сом,https://www.kivano.kg//images/product/111173/1667071163_70803900.jpg
Сотовый телефон Apple iPhone 14 Pro Max 1TB серебристый,161750 сом,https://www.kivano.kg//images/product/111174/1667071276_10960400.jpg
Сотовый телефон Samsung Galaxy S22 8/128GB черный,53880 сом,https://www.kivano.kg//images/product/105293/1649752086_95407900.jpg
Сотовый телефон Samsung Galaxy S22 8/128GB белый,53880 сом,https://www.kivano.kg//images/product/105294/1649752235_95589400.jpg
Сотовый телефон Samsung Galaxy S22 8/128GB розовый,53880 сом,https://www.kivano.kg//images/product/105295/1649753441_00343800.jpg
Сотовый телефон Samsung Galaxy S22 8/128GB зеленый,53880 сом,https://www.kivano.kg//images/product/105296/1649753870_42409800.jpg
Сотовый телефон Samsung Galaxy S22 8/128GB серый,53880 сом,https://www.kivano.kg//images/product/105297/1649754043_99416300.jpg
Сотовый телефон Samsung Galaxy S22 8/128GB голубой,53880 сом,https://www.kivano.kg//images/product/105298/1649754174_37540500.jpg
Сотовый телефон Samsung Galaxy A33 5G 6/128GB черный,23230 сом,https://www.kivano.kg//images/product/106578/1652691752_34677700.jpg
Сотовый телефон Samsung Galaxy S22 8/128GB фиолетовый,53880 сом,https://www.kivano.kg//images/product/105299/1649754295_98434800.jpg
Сотовый телефон Samsung Galaxy A33 5G 6/128GB голубой,23230 сом,https://www.kivano.kg//images/product/106579/1652691866_03439300.jpg
Сотовый телефон Samsung Galaxy S22 8/128GB бежевый,53880 сом,https://www.kivano.kg//images/product/105300/1649754473_41211500.jpg
Сотовый телефон Samsung Galaxy A33 5G 6/128GB персиковый,23230 сом,https://www.kivano.kg//images/product/106580/1652691995_19543500.jpg
Сотовый телефон Samsung Galaxy A53 5G 6/128GB черный,28580 сом,https://www.kivano.kg//images/product/105301/1649760257_29490300.jpg
Сотовый телефон Samsung Galaxy A33 5G 6/128GB белый,23230 сом,https://www.kivano.kg//images/product/106581/1652692112_53592600.jpg
Сотовый телефон Samsung Galaxy A53 5G 6/128GB белый,28580 сом,https://www.kivano.kg//images/product/105302/1649760394_16626600.jpg
Сотовый телефон Samsung Galaxy A53 5G 6/128GB персиковый,28580 сом,https://www.kivano.kg//images/product/105303/1649760623_66398000.jpg
Сотовый телефон Apple iPhone 13 128GB зеленый,66170 сом,https://www.kivano.kg//images/product/105482/1650357323_84906500.png
Сотовый телефон Apple iPhone 13 256GB зеленый,79780 сом,https://www.kivano.kg//images/product/105483/1650357352_25448500.png
Сотовый телефон Apple iPhone 13 Pro Max 256GB зеленый,108180 сом,https://www.kivano.kg//images/product/104490/1647674948_37575000.png
Сотовый телефон Apple iPhone 14 Pro Max 1TB космический черный,161750 сом,https://www.kivano.kg//images/product/111173/1667071163_70803900.jpg
Сотовый телефон Apple iPhone 14 Pro Max 1TB серебристый,161750 сом,https://www.kivano.kg//images/product/111174/1667071276_10960400.jpg
Сотовый телефон Samsung Galaxy S22 8/128GB черный,53880 сом,https://www.kivano.kg//images/product/105293/1649752086_95407900.jpg
Сотовый телефон Samsung Galaxy S22 8/128GB белый,53880 сом,https://www.kivano.kg//images/product/105294/1649752235_95589400.jpg
Сотовый телефон Samsung Galaxy S22 8/128GB розовый,53880 сом,https://www.kivano.kg//images/product/105295/1649753441_00343800.jpg
Сотовый телефон Samsung Galaxy S22 8/128GB зеленый,53880 сом,https://www.kivano.kg//images/product/105296/1649753870_42409800.jpg
Сотовый телефон Samsung Galaxy S22 8/128GB серый,53880 сом,https://www.kivano.kg//images/product/105297/1649754043_99416300.jpg
Сотовый телефон Samsung Galaxy S22 8/128GB голубой,53880 сом,https://www.kivano.kg//images/product/105298/1649754174_37540500.jpg
Сотовый телефон Samsung Galaxy A33 5G 6/128GB черный,23230 сом,https://www.kivano.kg//images/product/106578/1652691752_34677700.jpg
Сотовый телефон Samsung Galaxy S22 8/128GB фиолетовый,53880 сом,https://www.kivano.kg//images/product/105299/1649754295_98434800.jpg
Сотовый телефон Samsung Galaxy A33 5G 6/128GB голубой,23230 сом,https://www.kivano.kg//images/product/106579/1652691866_03439300.jpg
Сотовый телефон Samsung Galaxy S22 8/128GB бежевый,53880 сом,https://www.kivano.kg//images/product/105300/1649754473_41211500.jpg
Сотовый телефон Samsung Galaxy A33 5G 6/128GB персиковый,23230 сом,https://www.kivano.kg//images/product/106580/1652691995_19543500.jpg
Сотовый телефон Samsung Galaxy A53 5G 6/128GB черный,28580 сом,https://www.kivano.kg//images/product/105301/1649760257_29490300.jpg
Сотовый телефон Samsung Galaxy A33 5G 6/128GB белый,23230 сом,https://www.kivano.kg//images/product/106581/1652692112_53592600.jpg
Сотовый телефон Samsung Galaxy A53 5G 6/128GB белый,28580 сом,https://www.kivano.kg//images/product/105302/1649760394_16626600.jpg
Сотовый телефон Samsung Galaxy A53 5G 6/128GB персиковый,28580 сом,https://www.kivano.kg//images/product/105303/1649760623_66398000.jpg
Сотовый телефон Apple iPhone 13 128GB зеленый,66170 сом,https://www.kivano.kg//images/product/105482/1650357323_84906500.png
Сотовый телефон Apple iPhone 13 256GB зеленый,79780 сом,https://www.kivano.kg//images/product/105483/1650357352_25448500.png
Сотовый телефон Apple iPhone 13 Pro Max 256GB зеленый,108180 сом,https://www.kivano.kg//images/product/104490/1647674948_37575000.png
Сотовый телефон Apple iPhone 14 Pro Max 1TB космический черный,161750 сом,https://www.kivano.kg//images/product/111173/1667071163_70803900.jpg
Сотовый телефон Apple iPhone 14 Pro Max 1TB серебристый,161750 сом,https://www.kivano.kg//images/product/111174/1667071276_10960400.jpg
Сотовый телефон Samsung Galaxy S22 8/128GB черный,53880 сом,https://www.kivano.kg//images/product/105293/1649752086_95407900.jpg
Сотовый телефон Samsung Galaxy S22 8/128GB белый,53880 сом,https://www.kivano.kg//images/product/105294/1649752235_95589400.jpg
Сотовый телефон Samsung Galaxy S22 8/128GB розовый,53880 сом,https://www.kivano.kg//images/product/105295/1649753441_00343800.jpg
Сотовый телефон Samsung Galaxy S22 8/128GB зеленый,53880 сом,https://www.kivano.kg//images/product/105296/1649753870_42409800.jpg
Сотовый телефон Samsung Galaxy S22 8/128GB серый,53880 сом,https://www.kivano.kg//images/product/105297/1649754043_99416300.jpg
Сотовый телефон Samsung Galaxy S22 8/128GB голубой,53880 сом,https://www.kivano.kg//images/product/105298/1649754174_37540500.jpg
Сотовый телефон Samsung Galaxy A33 5G 6/128GB черный,23230 сом,https://www.kivano.kg//images/product/106578/1652691752_34677700.jpg
Сотовый телефон Samsung Galaxy S22 8/128GB фиолетовый,53880 сом,https://www.kivano.kg//images/product/105299/1649754295_98434800.jpg
Сотовый телефон Samsung Galaxy A33 5G 6/128GB голубой,23230 сом,https://www.kivano.kg//images/product/106579/1652691866_03439300.jpg
Сотовый телефон Samsung Galaxy S22 8/128GB бежевый,53880 сом,https://www.kivano.kg//images/product/105300/1649754473_41211500.jpg
Сотовый телефон Samsung Galaxy A33 5G 6/128GB персиковый,23230 сом,https://www.kivano.kg//images/product/106580/1652691995_19543500.jpg
Сотовый телефон Samsung Galaxy A53 5G 6/128GB черный,28580 сом,https://www.kivano.kg//images/product/105301/1649760257_29490300.jpg
Сотовый телефон Samsung Galaxy A33 5G 6/128GB белый,23230 сом,https://www.kivano.kg//images/product/106581/1652692112_53592600.jpg
Сотовый телефон Samsung Galaxy A53 5G 6/128GB белый,28580 сом,https://www.kivano.kg//images/product/105302/1649760394_16626600.jpg
Сотовый телефон Samsung Galaxy A53 5G 6/128GB персиковый,28580 сом,https://www.kivano.kg//images/product/105303/1649760623_66398000.jpg
Сотовый телефон Apple iPhone 13 128GB зеленый,66170 сом,https://www.kivano.kg//images/product/105482/1650357323_84906500.png
Сотовый телефон Apple iPhone 13 256GB зеленый,79780 сом,https://www.kivano.kg//images/product/105483/1650357352_25448500.png
Сотовый телефон Apple iPhone 13 Pro Max 256GB зеленый,108180 сом,https://www.kivano.kg//images/product/104490/1647674948_37575000.png
Сотовый телефон Apple iPhone 14 Pro Max 1TB космический черный,161750 сом,https://www.kivano.kg//images/product/111173/1667071163_70803900.jpg
Сотовый телефон Apple iPhone 14 Pro Max 1TB серебристый,161750 сом,https://www.kivano.kg//images/product/111174/1667071276_10960400.jpg
Сотовый телефон Samsung Galaxy S22 8/128GB черный,53880 сом,https://www.kivano.kg//images/product/105293/1649752086_95407900.jpg
Сотовый телефон Samsung Galaxy S22 8/128GB белый,53880 сом,https://www.kivano.kg//images/product/105294/1649752235_95589400.jpg
Сотовый телефон Samsung Galaxy S22 8/128GB розовый,53880 сом,https://www.kivano.kg//images/product/105295/1649753441_00343800.jpg
Сотовый телефон Samsung Galaxy S22 8/128GB зеленый,53880 сом,https://www.kivano.kg//images/product/105296/1649753870_42409800.jpg
Сотовый телефон Samsung Galaxy S22 8/128GB серый,53880 сом,https://www.kivano.kg//images/product/105297/1649754043_99416300.jpg
Сотовый телефон Samsung Galaxy S22 8/128GB голубой,53880 сом,https://www.kivano.kg//images/product/105298/1649754174_37540500.jpg
Сотовый телефон Samsung Galaxy A33 5G 6/128GB черный,23230 сом,https://www.kivano.kg//images/product/106578/1652691752_34677700.jpg
Сотовый телефон Samsung Galaxy S22 8/128GB фиолетовый,53880 сом,https://www.kivano.kg//images/product/105299/1649754295_98434800.jpg
Сотовый телефон Samsung Galaxy A33 5G 6/128GB голубой,23230 сом,https://www.kivano.kg//images/product/106579/1652691866_03439300.jpg
Сотовый телефон Samsung Galaxy S22 8/128GB бежевый,53880 сом,https://www.kivano.kg//images/product/105300/1649754473_41211500.jpg
Сотовый телефон Samsung Galaxy A33 5G 6/128GB персиковый,23230 сом,https://www.kivano.kg//images/product/106580/1652691995_19543500.jpg
Сотовый телефон Samsung Galaxy A53 5G 6/128GB черный,28580 сом,https://www.kivano.kg//images/product/105301/1649760257_29490300.jpg
Сотовый телефон Samsung Galaxy A33 5G 6/128GB белый,23230 сом,https://www.kivano.kg//images/product/106581/1652692112_53592600.jpg
Сотовый телефон Samsung Galaxy A53 5G 6/128GB белый,28580 сом,https://www.kivano.kg//images/product/105302/1649760394_16626600.jpg
Сотовый телефон Samsung Galaxy A53 5G 6/128GB персиковый,28580 сом,https://www.kivano.kg//images/product/105303/1649760623_66398000.jpg
Сотовый телефон Apple iPhone 13 128GB зеленый,66170 сом,https://www.kivano.kg//images/product/105482/1650357323_84906500.png
Сотовый телефон Apple iPhone 13 256GB зеленый,79780 сом,https://www.kivano.kg//images/product/105483/1650357352_25448500.png
Сотовый телефон Apple iPhone 13 Pro Max 256GB зеленый,108180 сом,https://www.kivano.kg//images/product/104490/1647674948_37575000.png
Сотовый телефон Apple iPhone 14 Pro Max 1TB космический черный,161750 сом,https://www.kivano.kg//images/product/111173/1667071163_70803900.jpg
Сотовый телефон Apple iPhone 14 Pro Max 1TB серебристый,161750 сом,https://www.kivano.kg//images/product/111174/1667071276_10960400.jpg
Сотовый телефон Samsung Galaxy S22 8/128GB черный,53880 сом,https://www.kivano.kg//images/product/105293/1649752086_95407900.jpg
Сотовый телефон Samsung Galaxy S22 8/128GB белый,53880 сом,https://www.kivano.kg//images/product/105294/1649752235_95589400.jpg
Сотовый телефон Samsung Galaxy S22 8/128GB розовый,53880 сом,https://www.kivano.kg//images/product/105295/1649753441_00343800.jpg
Сотовый телефон Samsung Galaxy S22 8/128GB зеленый,53880 сом,https://www.kivano.kg//images/product/105296/1649753870_42409800.jpg
Сотовый телефон Samsung Galaxy S22 8/128GB серый,53880 сом,https://www.kivano.kg//images/product/105297/1649754043_99416300.jpg
Сотовый телефон Samsung Galaxy S22 8/128GB голубой,53880 сом,https://www.kivano.kg//images/product/105298/1649754174_37540500.jpg
Сотовый телефон Samsung Galaxy A33 5G 6/128GB черный,23230 сом,https://www.kivano.kg//images/product/106578/1652691752_34677700.jpg
Сотовый телефон Samsung Galaxy S22 8/128GB фиолетовый,53880 сом,https://www.kivano.kg//images/product/105299/1649754295_98434800.jpg
Сотовый телефон Samsung Galaxy A33 5G 6/128GB голубой,23230 сом,https://www.kivano.kg//images/product/106579/1652691866_03439300.jpg
Сотовый телефон Samsung Galaxy S22 8/128GB бежевый,53880 сом,https://www.kivano.kg//images/product/105300/1649754473_41211500.jpg
Сотовый телефон Samsung Galaxy A33 5G 6/128GB персиковый,23230 сом,https://www.kivano.kg//images/product/106580/1652691995_19543500.jpg
Сотовый телефон Samsung Galaxy A53 5G 6/128GB черный,28580 сом,https://www.kivano.kg//images/product/105301/1649760257_29490300.jpg
Сотовый телефон Samsung Galaxy A33 5G 6/128GB белый,23230 сом,https://www.kivano.kg//images/product/106581/1652692112_53592600.jpg
Сотовый телефон Samsung Galaxy A53 5G 6/128GB белый,28580 сом,https://www.kivano.kg//images/product/105302/1649760394_16626600.jpg
Сотовый телефон Samsung Galaxy A53 5G 6/128GB персиковый,28580 сом,https://www.kivano.kg//images/product/105303/1649760623_66398000.jpg
Сотовый телефон Apple iPhone 13 128GB зеленый,66170 сом,https://www.kivano.kg//images/product/105482/1650357323_84906500.png
Сотовый телефон Apple iPhone 13 256GB зеленый,79780 сом,https://www.kivano.kg//images/product/105483/1650357352_25448500.png
Сотовый телефон Apple iPhone 13 Pro Max 256GB зеленый,108180 сом,https://www.kivano.kg//images/product/104490/1647674948_37575000.png
Сотовый телефон Apple iPhone 14 Pro Max 1TB космический черный,161750 сом,https://www.kivano.kg//images/product/111173/1667071163_70803900.jpg
Сотовый телефон Apple iPhone 14 Pro Max 1TB серебристый,161750 сом,https://www.kivano.kg//images/product/111174/1667071276_10960400.jpg
Сотовый телефон Samsung Galaxy S22 8/128GB черный,53880 сом,https://www.kivano.kg//images/product/105293/1649752086_95407900.jpg
Сотовый телефон Samsung Galaxy S22 8/128GB белый,53880 сом,https://www.kivano.kg//images/product/105294/1649752235_95589400.jpg
Сотовый телефон Samsung Galaxy S22 8/128GB розовый,53880 сом,https://www.kivano.kg//images/product/105295/1649753441_00343800.jpg
Сотовый телефон Samsung Galaxy S22 8/128GB зеленый,53880 сом,https://www.kivano.kg//images/product/105296/1649753870_42409800.jpg
Сотовый телефон Samsung Galaxy S22 8/128GB серый,53880 сом,https://www.kivano.kg//images/product/105297/1649754043_99416300.jpg
Сотовый телефон Samsung Galaxy S22 8/128GB голубой,53880 сом,https://www.kivano.kg//images/product/105298/1649754174_37540500.jpg
Сотовый телефон Samsung Galaxy A33 5G 6/128GB черный,23230 сом,https://www.kivano.kg//images/product/106578/1652691752_34677700.jpg
Сотовый телефон Samsung Galaxy S22 8/128GB фиолетовый,53880 сом,https://www.kivano.kg//images/product/105299/1649754295_98434800.jpg
Сотовый телефон Samsung Galaxy A33 5G 6/128GB голубой,23230 сом,https://www.kivano.kg//images/product/106579/1652691866_03439300.jpg
Сотовый телефон Samsung Galaxy S22 8/128GB бежевый,53880 сом,https://www.kivano.kg//images/product/105300/1649754473_41211500.jpg
Сотовый телефон Samsung Galaxy A33 5G 6/128GB персиковый,23230 сом,https://www.kivano.kg//images/product/106580/1652691995_19543500.jpg
Сотовый телефон Samsung Galaxy A53 5G 6/128GB черный,28580 сом,https://www.kivano.kg//images/product/105301/1649760257_29490300.jpg
Сотовый телефон Samsung Galaxy A33 5G 6/128GB белый,23230 сом,https://www.kivano.kg//images/product/106581/1652692112_53592600.jpg
Сотовый телефон Samsung Galaxy A53 5G 6/128GB белый,28580 сом,https://www.kivano.kg//images/product/105302/1649760394_16626600.jpg
Сотовый телефон Samsung Galaxy A53 5G 6/128GB персиковый,28580 сом,https://www.kivano.kg//images/product/105303/1649760623_66398000.jpg
Сотовый телефон Apple iPhone 13 128GB зеленый,66170 сом,https://www.kivano.kg//images/product/105482/1650357323_84906500.png
Сотовый телефон Apple iPhone 13 256GB зеленый,79780 сом,https://www.kivano.kg//images/product/105483/1650357352_25448500.png
Сотовый телефон Apple iPhone 13 Pro Max 256GB зеленый,108180 сом,https://www.kivano.kg//images/product/104490/1647674948_37575000.png
Сотовый телефон Apple iPhone 14 Pro Max 1TB космический черный,161750 сом,https://www.kivano.kg//images/product/111173/1667071163_70803900.jpg
Сотовый телефон Apple iPhone 14 Pro Max 1TB серебристый,161750 сом,https://www.kivano.kg//images/product/111174/1667071276_10960400.jpg
Сотовый телефон Samsung Galaxy S22 8/128GB черный,53880 сом,https://www.kivano.kg//images/product/105293/1649752086_95407900.jpg
Сотовый телефон Samsung Galaxy S22 8/128GB белый,53880 сом,https://www.kivano.kg//images/product/105294/1649752235_95589400.jpg
Сотовый телефон Samsung Galaxy S22 8/128GB розовый,53880 сом,https://www.kivano.kg//images/product/105295/1649753441_00343800.jpg
Сотовый телефон Samsung Galaxy S22 8/128GB зеленый,53880 сом,https://www.kivano.kg//images/product/105296/1649753870_42409800.jpg
Сотовый телефон Samsung Galaxy S22 8/128GB серый,53880 сом,https://www.kivano.kg//images/product/105297/1649754043_99416300.jpg
Сотовый телефон Samsung Galaxy S22 8/128GB голубой,53880 сом,https://www.kivano.kg//images/product/105298/1649754174_37540500.jpg
Сотовый телефон Samsung Galaxy A33 5G 6/128GB черный,23230 сом,https://www.kivano.kg//images/product/106578/1652691752_34677700.jpg
Сотовый телефон Samsung Galaxy S22 8/128GB фиолетовый,53880 сом,https://www.kivano.kg//images/product/105299/1649754295_98434800.jpg
Сотовый телефон Samsung Galaxy A33 5G 6/128GB голубой,23230 сом,https://www.kivano.kg//images/product/106579/1652691866_03439300.jpg
Сотовый телефон Samsung Galaxy S22 8/128GB бежевый,53880 сом,https://www.kivano.kg//images/product/105300/1649754473_41211500.jpg
Сотовый телефон Samsung Galaxy A33 5G 6/128GB персиковый,23230 сом,https://www.kivano.kg//images/product/106580/1652691995_19543500.jpg
Сотовый телефон Samsung Galaxy A53 5G 6/128GB черный,28580 сом,https://www.kivano.kg//images/product/105301/1649760257_29490300.jpg
Сотовый телефон Samsung Galaxy A33 5G 6/128GB белый,23230 сом,https://www.kivano.kg//images/product/106581/1652692112_53592600.jpg
Сотовый телефон Samsung Galaxy A53 5G 6/128GB белый,28580 сом,https://www.kivano.kg//images/product/105302/1649760394_16626600.jpg
Сотовый телефон Samsung Galaxy A53 5G 6/128GB персиковый,28580 сом,https://www.kivano.kg//images/product/105303/1649760623_66398000.jpg
Сотовый телефон Apple iPhone 13 128GB зеленый,66170 сом,https://www.kivano.kg//images/product/105482/1650357323_84906500.png
Сотовый телефон Apple iPhone 13 256GB зеленый,79780 сом,https://www.kivano.kg//images/product/105483/1650357352_25448500.png
Сотовый телефон Apple iPhone 13 Pro Max 256GB зеленый,108180 сом,https://www.kivano.kg//images/product/104490/1647674948_37575000.png
Сотовый телефон Apple iPhone 14 Pro Max 1TB космический черный,161750 сом,https://www.kivano.kg//images/product/111173/1667071163_70803900.jpg
Сотовый телефон Apple iPhone 14 Pro Max 1TB серебристый,161750 сом,https://www.kivano.kg//images/product/111174/1667071276_10960400.jpg
Сотовый телефон Samsung Galaxy S22 8/128GB черный,53880 сом,https://www.kivano.kg//images/product/105293/1649752086_95407900.jpg
Сотовый телефон Samsung Galaxy S22 8/128GB белый,53880 сом,https://www.kivano.kg//images/product/105294/1649752235_95589400.jpg
Сотовый телефон Samsung Galaxy S22 8/128GB розовый,53880 сом,https://www.kivano.kg//images/product/105295/1649753441_00343800.jpg
Сотовый телефон Samsung Galaxy S22 8/128GB зеленый,53880 сом,https://www.kivano.kg//images/product/105296/1649753870_42409800.jpg
Сотовый телефон Samsung Galaxy S22 8/128GB серый,53880 сом,https://www.kivano.kg//images/product/105297/1649754043_99416300.jpg
Сотовый телефон Samsung Galaxy S22 8/128GB голубой,53880 сом,https://www.kivano.kg//images/product/105298/1649754174_37540500.jpg
Сотовый телефон Samsung Galaxy A33 5G 6/128GB черный,23230 сом,https://www.kivano.kg//images/product/106578/1652691752_34677700.jpg
Сотовый телефон Samsung Galaxy S22 8/128GB фиолетовый,53880 сом,https://www.kivano.kg//images/product/105299/1649754295_98434800.jpg
Сотовый телефон Samsung Galaxy A33 5G 6/128GB голубой,23230 сом,https://www.kivano.kg//images/product/106579/1652691866_03439300.jpg
Сотовый телефон Samsung Galaxy S22 8/128GB бежевый,53880 сом,https://www.kivano.kg//images/product/105300/1649754473_41211500.jpg
Сотовый телефон Samsung Galaxy A33 5G 6/128GB персиковый,23230 сом,https://www.kivano.kg//images/product/106580/1652691995_19543500.jpg
Сотовый телефон Samsung Galaxy A53 5G 6/128GB черный,28580 сом,https://www.kivano.kg//images/product/105301/1649760257_29490300.jpg
Сотовый телефон Samsung Galaxy A33 5G 6/128GB белый,23230 сом,https://www.kivano.kg//images/product/106581/1652692112_53592600.jpg
Сотовый телефон Samsung Galaxy A53 5G 6/128GB белый,28580 сом,https://www.kivano.kg//images/product/105302/1649760394_16626600.jpg
Сотовый телефон Samsung Galaxy A53 5G 6/128GB персиковый,28580 сом,https://www.kivano.kg//images/product/105303/1649760623_66398000.jpg
Сотовый телефон Apple iPhone 13 128GB зеленый,66170 сом,https://www.kivano.kg//images/product/105482/1650357323_84906500.png
Сотовый телефон Apple iPhone 13 256GB зеленый,79780 сом,https://www.kivano.kg//images/product/105483/1650357352_25448500.png
Сотовый телефон Apple iPhone 13 Pro Max 256GB зеленый,108180 сом,https://www.kivano.kg//images/product/104490/1647674948_37575000.png
Сотовый телефон Apple iPhone 14 Pro Max 1TB космический черный,161750 сом,https://www.kivano.kg//images/product/111173/1667071163_70803900.jpg
Сотовый телефон Apple iPhone 14 Pro Max 1TB серебристый,161750 сом,https://www.kivano.kg//images/product/111174/1667071276_10960400.jpg
Сотовый телефон Samsung Galaxy S22 8/128GB черный,53880 сом,https://www.kivano.kg//images/product/105293/1649752086_95407900.jpg
Сотовый телефон Samsung Galaxy S22 8/128GB белый,53880 сом,https://www.kivano.kg//images/product/105294/1649752235_95589400.jpg
Сотовый телефон Samsung Galaxy S22 8/128GB розовый,53880 сом,https://www.kivano.kg//images/product/105295/1649753441_00343800.jpg
Сотовый телефон Samsung Galaxy S22 8/128GB зеленый,53880 сом,https://www.kivano.kg//images/product/105296/1649753870_42409800.jpg
Сотовый телефон Samsung Galaxy S22 8/128GB серый,53880 сом,https://www.kivano.kg//images/product/105297/1649754043_99416300.jpg
Сотовый телефон Samsung Galaxy S22 8/128GB голубой,53880 сом,https://www.kivano.kg//images/product/105298/1649754174_37540500.jpg
Сотовый телефон Samsung Galaxy A33 5G 6/128GB черный,23230 сом,https://www.kivano.kg//images/product/106578/1652691752_34677700.jpg
Сотовый телефон Samsung Galaxy S22 8/128GB фиолетовый,53880 сом,https://www.kivano.kg//images/product/105299/1649754295_98434800.jpg
Сотовый телефон Samsung Galaxy A33 5G 6/128GB голубой,23230 сом,https://www.kivano.kg//images/product/106579/1652691866_03439300.jpg
Сотовый телефон Samsung Galaxy S22 8/128GB бежевый,53880 сом,https://www.kivano.kg//images/product/105300/1649754473_41211500.jpg
Сотовый телефон Samsung Galaxy A33 5G 6/128GB персиковый,23230 сом,https://www.kivano.kg//images/product/106580/1652691995_19543500.jpg
Сотовый телефон Samsung Galaxy A53 5G 6/128GB черный,28580 сом,https://www.kivano.kg//images/product/105301/1649760257_29490300.jpg
Сотовый телефон Samsung Galaxy A33 5G 6/128GB белый,23230 сом,https://www.kivano.kg//images/product/106581/1652692112_53592600.jpg
Сотовый телефон Samsung Galaxy A53 5G 6/128GB белый,28580 сом,https://www.kivano.kg//images/product/105302/1649760394_16626600.jpg
Сотовый телефон Samsung Galaxy A53 5G 6/128GB персиковый,28580 сом,https://www.kivano.kg//images/product/105303/1649760623_66398000.jpg
Сотовый телефон Apple iPhone 13 128GB зеленый,66170 сом,https://www.kivano.kg//images/product/105482/1650357323_84906500.png
Сотовый телефон Apple iPhone 13 256GB зеленый,79780 сом,https://www.kivano.kg//images/product/105483/1650357352_25448500.png
Сотовый телефон Apple iPhone 13 Pro Max 256GB зеленый,108180 сом,https://www.kivano.kg//images/product/104490/1647674948_37575000.png
Сотовый телефон Apple iPhone 14 Pro Max 1TB космический черный,161750 сом,https://www.kivano.kg//images/product/111173/1667071163_70803900.jpg
Сотовый телефон Apple iPhone 14 Pro Max 1TB серебристый,161750 сом,https://www.kivano.kg//images/product/111174/1667071276_10960400.jpg
Сотовый телефон Samsung Galaxy S22 8/128GB черный,53880 сом,https://www.kivano.kg//images/product/105293/1649752086_95407900.jpg
Сотовый телефон Samsung Galaxy S22 8/128GB белый,53880 сом,https://www.kivano.kg//images/product/105294/1649752235_95589400.jpg
Сотовый телефон Samsung Galaxy S22 8/128GB розовый,53880 сом,https://www.kivano.kg//images/product/105295/1649753441_00343800.jpg
Сотовый телефон Samsung Galaxy S22 8/128GB зеленый,53880 сом,https://www.kivano.kg//images/product/105296/1649753870_42409800.jpg
Сотовый телефон Samsung Galaxy S22 8/128GB серый,53880 сом,https://www.kivano.kg//images/product/105297/1649754043_99416300.jpg
Сотовый телефон Samsung Galaxy S22 8/128GB голубой,53880 сом,https://www.kivano.kg//images/product/105298/1649754174_37540500.jpg
Сотовый телефон Samsung Galaxy A33 5G 6/128GB черный,23230 сом,https://www.kivano.kg//images/product/106578/1652691752_34677700.jpg
Сотовый телефон Samsung Galaxy S22 8/128GB фиолетовый,53880 сом,https://www.kivano.kg//images/product/105299/1649754295_98434800.jpg
Сотовый телефон Samsung Galaxy A33 5G 6/128GB голубой,23230 сом,https://www.kivano.kg//images/product/106579/1652691866_03439300.jpg
Сотовый телефон Samsung Galaxy S22 8/128GB бежевый,53880 сом,https://www.kivano.kg//images/product/105300/1649754473_41211500.jpg
Сотовый телефон Samsung Galaxy A33 5G 6/128GB персиковый,23230 сом,https://www.kivano.kg//images/product/106580/1652691995_19543500.jpg
Сотовый телефон Samsung Galaxy A53 5G 6/128GB черный,28580 сом,https://www.kivano.kg//images/product/105301/1649760257_29490300.jpg
Сотовый телефон Samsung Galaxy A33 5G 6/128GB белый,23230 сом,https://www.kivano.kg//images/product/106581/1652692112_53592600.jpg
Сотовый телефон Samsung Galaxy A53 5G 6/128GB белый,28580 сом,https://www.kivano.kg//images/product/105302/1649760394_16626600.jpg
Сотовый телефон Samsung Galaxy A53 5G 6/128GB персиковый,28580 сом,https://www.kivano.kg//images/product/105303/1649760623_66398000.jpg
Сотовый телефон Apple iPhone 13 128GB зеленый,66170 сом,https://www.kivano.kg//images/product/105482/1650357323_84906500.png
Сотовый телефон Apple iPhone 13 256GB зеленый,79780 сом,https://www.kivano.kg//images/product/105483/1650357352_25448500.png
Сотовый телефон Apple iPhone 13 Pro Max 256GB зеленый,108180 сом,https://www.kivano.kg//images/product/104490/1647674948_37575000.png
Сотовый телефон Apple iPhone 14 Pro Max 1TB космический черный,161750 сом,https://www.kivano.kg//images/product/111173/1667071163_70803900.jpg
Сотовый телефон Apple iPhone 14 Pro Max 1TB серебристый,161750 сом,https://www.kivano.kg//images/product/111174/1667071276_10960400.jpg
Сотовый телефон Samsung Galaxy S22 8/128GB черный,53880 сом,https://www.kivano.kg//images/product/105293/1649752086_95407900.jpg
Сотовый телефон Samsung Galaxy S22 8/128GB белый,53880 сом,https://www.kivano.kg//images/product/105294/1649752235_95589400.jpg
Сотовый телефон Samsung Galaxy S22 8/128GB розовый,53880 сом,https://www.kivano.kg//images/product/105295/1649753441_00343800.jpg
Сотовый телефон Samsung Galaxy S22 8/128GB зеленый,53880 сом,https://www.kivano.kg//images/product/105296/1649753870_42409800.jpg
Сотовый телефон Samsung Galaxy S22 8/128GB серый,53880 сом,https://www.kivano.kg//images/product/105297/1649754043_99416300.jpg
Сотовый телефон Samsung Galaxy S22 8/128GB голубой,53880 сом,https://www.kivano.kg//images/product/105298/1649754174_37540500.jpg
Сотовый телефон Samsung Galaxy A33 5G 6/128GB черный,23230 сом,https://www.kivano.kg//images/product/106578/1652691752_34677700.jpg
Сотовый телефон Samsung Galaxy S22 8/128GB фиолетовый,53880 сом,https://www.kivano.kg//images/product/105299/1649754295_98434800.jpg
Сотовый телефон Samsung Galaxy A33 5G 6/128GB голубой,23230 сом,https://www.kivano.kg//images/product/106579/1652691866_03439300.jpg
Сотовый телефон Samsung Galaxy S22 8/128GB бежевый,53880 сом,https://www.kivano.kg//images/product/105300/1649754473_41211500.jpg
Сотовый телефон Samsung Galaxy A33 5G 6/128GB персиковый,23230 сом,https://www.kivano.kg//images/product/106580/1652691995_19543500.jpg
Сотовый телефон Samsung Galaxy A53 5G 6/128GB черный,28580 сом,https://www.kivano.kg//images/product/105301/1649760257_29490300.jpg
Сотовый телефон Samsung Galaxy A33 5G 6/128GB белый,23230 сом,https://www.kivano.kg//images/product/106581/1652692112_53592600.jpg
Сотовый телефон Samsung Galaxy A53 5G 6/128GB белый,28580 сом,https://www.kivano.kg//images/product/105302/1649760394_16626600.jpg
Сотовый телефон Samsung Galaxy A53 5G 6/128GB персиковый,28580 сом,https://www.kivano.kg//images/product/105303/1649760623_66398000.jpg
Сотовый телефон Apple iPhone 13 128GB зеленый,66170 сом,https://www.kivano.kg//images/product/105482/1650357323_84906500.png
Сотовый телефон Apple iPhone 13 256GB зеленый,79780 сом,https://www.kivano.kg//images/product/105483/1650357352_25448500.png
Сотовый телефон Apple iPhone 13 Pro Max 256GB зеленый,108180 сом,https://www.kivano.kg//images/product/104490/1647674948_37575000.png
Сотовый телефон Apple iPhone 14 Pro Max 1TB космический черный,161750 сом,https://www.kivano.kg//images/product/111173/1667071163_70803900.jpg
Сотовый телефон Apple iPhone 14 Pro Max 1TB серебристый,161750 сом,https://www.kivano.kg//images/product/111174/1667071276_10960400.jpg
Сотовый телефон Samsung Galaxy S22 8/128GB черный,53880 сом,https://www.kivano.kg//images/product/105293/1649752086_95407900.jpg
Сотовый телефон Samsung Galaxy S22 8/128GB белый,53880 сом,https://www.kivano.kg//images/product/105294/1649752235_95589400.jpg
Сотовый телефон Samsung Galaxy S22 8/128GB розовый,53880 сом,https://www.kivano.kg//images/product/105295/1649753441_00343800.jpg
Сотовый телефон Samsung Galaxy S22 8/128GB зеленый,53880 сом,https://www.kivano.kg//images/product/105296/1649753870_42409800.jpg
Сотовый телефон Samsung Galaxy S22 8/128GB серый,53880 сом,https://www.kivano.kg//images/product/105297/1649754043_99416300.jpg
Сотовый телефон Samsung Galaxy S22 8/128GB голубой,53880 сом,https://www.kivano.kg//images/product/105298/1649754174_37540500.jpg
Сотовый телефон Samsung Galaxy A33 5G 6/128GB черный,23230 сом,https://www.kivano.kg//images/product/106578/1652691752_34677700.jpg
Сотовый телефон Samsung Galaxy S22 8/128GB фиолетовый,53880 сом,https://www.kivano.kg//images/product/105299/1649754295_98434800.jpg
Сотовый телефон Samsung Galaxy A33 5G 6/128GB голубой,23230 сом,https://www.kivano.kg//images/product/106579/1652691866_03439300.jpg
Сотовый телефон Samsung Galaxy S22 8/128GB бежевый,53880 сом,https://www.kivano.kg//images/product/105300/1649754473_41211500.jpg
Сотовый телефон Samsung Galaxy A33 5G 6/128GB персиковый,23230 сом,https://www.kivano.kg//images/product/106580/1652691995_19543500.jpg
Сотовый телефон Samsung Galaxy A53 5G 6/128GB черный,28580 сом,https://www.kivano.kg//images/product/105301/1649760257_29490300.jpg
Сотовый телефон Samsung Galaxy A33 5G 6/128GB белый,23230 сом,https://www.kivano.kg//images/product/106581/1652692112_53592600.jpg
Сотовый телефон Samsung Galaxy A53 5G 6/128GB белый,28580 сом,https://www.kivano.kg//images/product/105302/1649760394_16626600.jpg
Сотовый телефон Samsung Galaxy A53 5G 6/128GB персиковый,28580 сом,https://www.kivano.kg//images/product/105303/1649760623_66398000.jpg
Сотовый телефон Apple iPhone 13 128GB зеленый,66170 сом,https://www.kivano.kg//images/product/105482/1650357323_84906500.png
Сотовый телефон Apple iPhone 13 256GB зеленый,79780 сом,https://www.kivano.kg//images/product/105483/1650357352_25448500.png
Сотовый телефон Apple iPhone 13 Pro Max 256GB зеленый,108180 сом,https://www.kivano.kg//images/product/104490/1647674948_37575000.png
Сотовый телефон Apple iPhone 14 Pro Max 1TB космический черный,161750 сом,https://www.kivano.kg//images/product/111173/1667071163_70803900.jpg
Сотовый телефон Apple iPhone 14 Pro Max 1TB серебристый,161750 сом,https://www.kivano.kg//images/product/111174/1667071276_10960400.jpg
Сотовый телефон Samsung Galaxy S22 8/128GB черный,53880 сом,https://www.kivano.kg//images/product/105293/1649752086_95407900.jpg
Сотовый телефон Samsung Galaxy S22 8/128GB белый,53880 сом,https://www.kivano.kg//images/product/105294/1649752235_95589400.jpg
Сотовый телефон Samsung Galaxy S22 8/128GB розовый,53880 сом,https://www.kivano.kg//images/product/105295/1649753441_00343800.jpg
Сотовый телефон Samsung Galaxy S22 8/128GB зеленый,53880 сом,https://www.kivano.kg//images/product/105296/1649753870_42409800.jpg
Сотовый телефон Samsung Galaxy S22 8/128GB серый,53880 сом,https://www.kivano.kg//images/product/105297/1649754043_99416300.jpg
Сотовый телефон Samsung Galaxy S22 8/128GB голубой,53880 сом,https://www.kivano.kg//images/product/105298/1649754174_37540500.jpg
Сотовый телефон Samsung Galaxy A33 5G 6/128GB черный,23230 сом,https://www.kivano.kg//images/product/106578/1652691752_34677700.jpg
Сотовый телефон Samsung Galaxy S22 8/128GB фиолетовый,53880 сом,https://www.kivano.kg//images/product/105299/1649754295_98434800.jpg
Сотовый телефон Samsung Galaxy A33 5G 6/128GB голубой,23230 сом,https://www.kivano.kg//images/product/106579/1652691866_03439300.jpg
Сотовый телефон Samsung Galaxy S22 8/128GB бежевый,53880 сом,https://www.kivano.kg//images/product/105300/1649754473_41211500.jpg
Сотовый телефон Samsung Galaxy A33 5G 6/128GB персиковый,23230 сом,https://www.kivano.kg//images/product/106580/1652691995_19543500.jpg
Сотовый телефон Samsung Galaxy A53 5G 6/128GB черный,28580 сом,https://www.kivano.kg//images/product/105301/1649760257_29490300.jpg
Сотовый телефон Samsung Galaxy A33 5G 6/128GB белый,23230 сом,https://www.kivano.kg//images/product/106581/1652692112_53592600.jpg
Сотовый телефон Samsung Galaxy A53 5G 6/128GB белый,28580 сом,https://www.kivano.kg//images/product/105302/1649760394_16626600.jpg
Сотовый телефон Samsung Galaxy A53 5G 6/128GB персиковый,28580 сом,https://www.kivano.kg//images/product/105303/1649760623_66398000.jpg
Сотовый телефон Apple iPhone 13 128GB зеленый,66170 сом,https://www.kivano.kg//images/product/105482/1650357323_84906500.png
Сотовый телефон Apple iPhone 13 256GB зеленый,79780 сом,https://www.kivano.kg//images/product/105483/1650357352_25448500.png
Сотовый телефон Apple iPhone 13 Pro Max 256GB зеленый,108180 сом,https://www.kivano.kg//images/product/104490/1647674948_37575000.png
Сотовый телефон Apple iPhone 14 Pro Max 1TB космический черный,161750 сом,https://www.kivano.kg//images/product/111173/1667071163_70803900.jpg
Сотовый телефон Apple iPhone 14 Pro Max 1TB серебристый,161750 сом,https://www.kivano.kg//images/product/111174/1667071276_10960400.jpg
Сотовый телефон Samsung Galaxy S22 8/128GB черный,53880 сом,https://www.kivano.kg//images/product/105293/1649752086_95407900.jpg
Сотовый телефон Samsung Galaxy S22 8/128GB белый,53880 сом,https://www.kivano.kg//images/product/105294/1649752235_95589400.jpg
Сотовый телефон Samsung Galaxy S22 8/128GB розовый,53880 сом,https://www.kivano.kg//images/product/105295/1649753441_00343800.jpg
Сотовый телефон Samsung Galaxy S22 8/128GB зеленый,53880 сом,https://www.kivano.kg//images/product/105296/1649753870_42409800.jpg
Сотовый телефон Samsung Galaxy S22 8/128GB серый,53880 сом,https://www.kivano.kg//images/product/105297/1649754043_99416300.jpg
Сотовый телефон Samsung Galaxy S22 8/128GB голубой,53880 сом,https://www.kivano.kg//images/product/105298/1649754174_37540500.jpg
Сотовый телефон Samsung Galaxy A33 5G 6/128GB черный,23230 сом,https://www.kivano.kg//images/product/106578/1652691752_34677700.jpg
Сотовый телефон Samsung Galaxy S22 8/128GB фиолетовый,53880 сом,https://www.kivano.kg//images/product/105299/1649754295_98434800.jpg
Сотовый телефон Samsung Galaxy A33 5G 6/128GB голубой,23230 сом,https://www.kivano.kg//images/product/106579/1652691866_03439300.jpg
Сотовый телефон Samsung Galaxy S22 8/128GB бежевый,53880 сом,https://www.kivano.kg//images/product/105300/1649754473_41211500.jpg
Сотовый телефон Samsung Galaxy A33 5G 6/128GB персиковый,23230 сом,https://www.kivano.kg//images/product/106580/1652691995_19543500.jpg
Сотовый телефон Samsung Galaxy A53 5G 6/128GB черный,28580 сом,https://www.kivano.kg//images/product/105301/1649760257_29490300.jpg
Сотовый телефон Samsung Galaxy A33 5G 6/128GB белый,23230 сом,https://www.kivano.kg//images/product/106581/1652692112_53592600.jpg
Сотовый телефон Samsung Galaxy A53 5G 6/128GB белый,28580 сом,https://www.kivano.kg//images/product/105302/1649760394_16626600.jpg
Сотовый телефон Samsung Galaxy A53 5G 6/128GB персиковый,28580 сом,https://www.kivano.kg//images/product/105303/1649760623_66398000.jpg
Сотовый телефон Apple iPhone 13 128GB зеленый,66170 сом,https://www.kivano.kg//images/product/105482/1650357323_84906500.png
Сотовый телефон Apple iPhone 13 256GB зеленый,79780 сом,https://www.kivano.kg//images/product/105483/1650357352_25448500.png
Сотовый телефон Apple iPhone 13 Pro Max 256GB зеленый,108180 сом,https://www.kivano.kg//images/product/104490/1647674948_37575000.png
Сотовый телефон Apple iPhone 14 Pro Max 1TB космический черный,161750 сом,https://www.kivano.kg//images/product/111173/1667071163_70803900.jpg
Сотовый телефон Apple iPhone 14 Pro Max 1TB серебристый,161750 сом,https://www.kivano.kg//images/product/111174/1667071276_10960400.jpg
Сотовый телефон Samsung Galaxy S22 8/128GB черный,53880 сом,https://www.kivano.kg//images/product/105293/1649752086_95407900.jpg
Сотовый телефон Samsung Galaxy S22 8/128GB белый,53880 сом,https://www.kivano.kg//images/product/105294/1649752235_95589400.jpg
Сотовый телефон Samsung Galaxy S22 8/128GB розовый,53880 сом,https://www.kivano.kg//images/product/105295/1649753441_00343800.jpg
Сотовый телефон Samsung Galaxy S22 8/128GB зеленый,53880 сом,https://www.kivano.kg//images/product/105296/1649753870_42409800.jpg
Сотовый телефон Samsung Galaxy S22 8/128GB серый,53880 сом,https://www.kivano.kg//images/product/105297/1649754043_99416300.jpg
Сотовый телефон Samsung Galaxy S22 8/128GB голубой,53880 сом,https://www.kivano.kg//images/product/105298/1649754174_37540500.jpg
Сотовый телефон Samsung Galaxy A33 5G 6/128GB черный,23230 сом,https://www.kivano.kg//images/product/106578/1652691752_34677700.jpg
Сотовый телефон Samsung Galaxy S22 8/128GB фиолетовый,53880 сом,https://www.kivano.kg//images/product/105299/1649754295_98434800.jpg
Сотовый телефон Samsung Galaxy A33 5G 6/128GB голубой,23230 сом,https://www.kivano.kg//images/product/106579/1652691866_03439300.jpg
Сотовый телефон Samsung Galaxy S22 8/128GB бежевый,53880 сом,https://www.kivano.kg//images/product/105300/1649754473_41211500.jpg
Сотовый телефон Samsung Galaxy A33 5G 6/128GB персиковый,23230 сом,https://www.kivano.kg//images/product/106580/1652691995_19543500.jpg
Сотовый телефон Samsung Galaxy A53 5G 6/128GB черный,28580 сом,https://www.kivano.kg//images/product/105301/1649760257_29490300.jpg
Сотовый телефон Samsung Galaxy A33 5G 6/128GB белый,23230 сом,https://www.kivano.kg//images/product/106581/1652692112_53592600.jpg
Сотовый телефон Samsung Galaxy A53 5G 6/128GB белый,28580 сом,https://www.kivano.kg//images/product/105302/1649760394_16626600.jpg
Сотовый телефон Samsung Galaxy A53 5G 6/128GB персиковый,28580 сом,https://www.kivano.kg//images/product/105303/1649760623_66398000.jpg
Сотовый телефон Apple iPhone 13 128GB зеленый,66170 сом,https://www.kivano.kg//images/product/105482/1650357323_84906500.png
Сотовый телефон Apple iPhone 13 256GB зеленый,79780 сом,https://www.kivano.kg//images/product/105483/1650357352_25448500.png
Сотовый телефон Apple iPhone 13 Pro Max 256GB зеленый,108180 сом,https://www.kivano.kg//images/product/104490/1647674948_37575000.png
Сотовый телефон Apple iPhone 14 Pro Max 1TB космический черный,161750 сом,https://www.kivano.kg//images/product/111173/1667071163_70803900.jpg
Сотовый телефон Apple iPhone 14 Pro Max 1TB серебристый,161750 сом,https://www.kivano.kg//images/product/111174/1667071276_10960400.jpg
Сотовый телефон Samsung Galaxy S22 8/128GB черный,53880 сом,https://www.kivano.kg//images/product/105293/1649752086_95407900.jpg
Сотовый телефон Samsung Galaxy S22 8/128GB белый,53880 сом,https://www.kivano.kg//images/product/105294/1649752235_95589400.jpg
Сотовый телефон Samsung Galaxy S22 8/128GB розовый,53880 сом,https://www.kivano.kg//images/product/105295/1649753441_00343800.jpg
Сотовый телефон Samsung Galaxy S22 8/128GB зеленый,53880 сом,https://www.kivano.kg//images/product/105296/1649753870_42409800.jpg
Сотовый телефон Samsung Galaxy S22 8/128GB серый,53880 сом,https://www.kivano.kg//images/product/105297/1649754043_99416300.jpg
Сотовый телефон Samsung Galaxy S22 8/128GB голубой,53880 сом,https://www.kivano.kg//images/product/105298/1649754174_37540500.jpg
Сотовый телефон Samsung Galaxy A33 5G 6/128GB черный,23230 сом,https://www.kivano.kg//images/product/106578/1652691752_34677700.jpg
Сотовый телефон Samsung Galaxy S22 8/128GB фиолетовый,53880 сом,https://www.kivano.kg//images/product/105299/1649754295_98434800.jpg
Сотовый телефон Samsung Galaxy A33 5G 6/128GB голубой,23230 сом,https://www.kivano.kg//images/product/106579/1652691866_03439300.jpg
Сотовый телефон Samsung Galaxy S22 8/128GB бежевый,53880 сом,https://www.kivano.kg//images/product/105300/1649754473_41211500.jpg
Сотовый телефон Samsung Galaxy A33 5G 6/128GB персиковый,23230 сом,https://www.kivano.kg//images/product/106580/1652691995_19543500.jpg
Сотовый телефон Samsung Galaxy A53 5G 6/128GB черный,28580 сом,https://www.kivano.kg//images/product/105301/1649760257_29490300.jpg
Сотовый телефон Samsung Galaxy A33 5G 6/128GB белый,23230 сом,https://www.kivano.kg//images/product/106581/1652692112_53592600.jpg
Сотовый телефон Samsung Galaxy A53 5G 6/128GB белый,28580 сом,https://www.kivano.kg//images/product/105302/1649760394_16626600.jpg
Сотовый телефон Samsung Galaxy A53 5G 6/128GB персиковый,28580 сом,https://www.kivano.kg//images/product/105303/1649760623_66398000.jpg
Сотовый телефон Apple iPhone 13 128GB зеленый,66170 сом,https://www.kivano.kg//images/product/105482/1650357323_84906500.png
Сотовый телефон Apple iPhone 13 256GB зеленый,79780 сом,https://www.kivano.kg//images/product/105483/1650357352_25448500.png
Сотовый телефон Apple iPhone 13 Pro Max 256GB зеленый,108180 сом,https://www.kivano.kg//images/product/104490/1647674948_37575000.png
Сотовый телефон Apple iPhone 14 Pro Max 1TB космический черный,161750 сом,https://www.kivano.kg//images/product/111173/1667071163_70803900.jpg
Сотовый телефон Apple iPhone 14 Pro Max 1TB серебристый,161750 сом,https://www.kivano.kg//images/product/111174/1667071276_10960400.jpg
Сотовый телефон Samsung Galaxy S22 8/128GB черный,53880 сом,https://www.kivano.kg//images/product/105293/1649752086_95407900.jpg
Сотовый телефон Samsung Galaxy S22 8/128GB белый,53880 сом,https://www.kivano.kg//images/product/105294/1649752235_95589400.jpg
Сотовый телефон Samsung Galaxy S22 8/128GB розовый,53880 сом,https://www.kivano.kg//images/product/105295/1649753441_00343800.jpg
Сотовый телефон Samsung Galaxy S22 8/128GB зеленый,53880 сом,https://www.kivano.kg//images/product/105296/1649753870_42409800.jpg
Сотовый телефон Samsung Galaxy S22 8/128GB серый,53880 сом,https://www.kivano.kg//images/product/105297/1649754043_99416300.jpg
Сотовый телефон Samsung Galaxy S22 8/128GB голубой,53880 сом,https://www.kivano.kg//images/product/105298/1649754174_37540500.jpg
Сотовый телефон Samsung Galaxy A33 5G 6/128GB черный,23230 сом,https://www.kivano.kg//images/product/106578/1652691752_34677700.jpg
Сотовый телефон Samsung Galaxy S22 8/128GB фиолетовый,53880 сом,https://www.kivano.kg//images/product/105299/1649754295_98434800.jpg
Сотовый телефон Samsung Galaxy A33 5G 6/128GB голубой,23230 сом,https://www.kivano.kg//images/product/106579/1652691866_03439300.jpg
Сотовый телефон Samsung Galaxy S22 8/128GB бежевый,53880 сом,https://www.kivano.kg//images/product/105300/1649754473_41211500.jpg
Сотовый телефон Samsung Galaxy A33 5G 6/128GB персиковый,23230 сом,https://www.kivano.kg//images/product/106580/1652691995_19543500.jpg
Сотовый телефон Samsung Galaxy A53 5G 6/128GB черный,28580 сом,https://www.kivano.kg//images/product/105301/1649760257_29490300.jpg
Сотовый телефон Samsung Galaxy A33 5G 6/128GB белый,23230 сом,https://www.kivano.kg//images/product/106581/1652692112_53592600.jpg
Сотовый телефон Samsung Galaxy A53 5G 6/128GB белый,28580 сом,https://www.kivano.kg//images/product/105302/1649760394_16626600.jpg
Сотовый телефон Samsung Galaxy A53 5G 6/128GB персиковый,28580 сом,https://www.kivano.kg//images/product/105303/1649760623_66398000.jpg
Сотовый телефон Apple iPhone 13 128GB зеленый,66170 сом,https://www.kivano.kg//images/product/105482/1650357323_84906500.png
Сотовый телефон Apple iPhone 13 256GB зеленый,79780 сом,https://www.kivano.kg//images/product/105483/1650357352_25448500.png
Сотовый телефон Apple iPhone 13 Pro Max 256GB зеленый,108180 сом,https://www.kivano.kg//images/product/104490/1647674948_37575000.png
Сотовый телефон Apple iPhone 14 Pro Max 1TB космический черный,161750 сом,https://www.kivano.kg//images/product/111173/1667071163_70803900.jpg
Сотовый телефон Apple iPhone 14 Pro Max 1TB серебристый,161750 сом,https://www.kivano.kg//images/product/111174/1667071276_10960400.jpg
Сотовый телефон Samsung Galaxy S22 8/128GB черный,53880 сом,https://www.kivano.kg//images/product/105293/1649752086_95407900.jpg
Сотовый телефон Samsung Galaxy S22 8/128GB белый,53880 сом,https://www.kivano.kg//images/product/105294/1649752235_95589400.jpg
Сотовый телефон Samsung Galaxy S22 8/128GB розовый,53880 сом,https://www.kivano.kg//images/product/105295/1649753441_00343800.jpg
Сотовый телефон Samsung Galaxy S22 8/128GB зеленый,53880 сом,https://www.kivano.kg//images/product/105296/1649753870_42409800.jpg
Сотовый телефон Samsung Galaxy S22 8/128GB серый,53880 сом,https://www.kivano.kg//images/product/105297/1649754043_99416300.jpg
Сотовый телефон Samsung Galaxy S22 8/128GB голубой,53880 сом,https://www.kivano.kg//images/product/105298/1649754174_37540500.jpg
Сотовый телефон Samsung Galaxy A33 5G 6/128GB черный,23230 сом,https://www.kivano.kg//images/product/106578/1652691752_34677700.jpg
Сотовый телефон Samsung Galaxy S22 8/128GB фиолетовый,53880 сом,https://www.kivano.kg//images/product/105299/1649754295_98434800.jpg
Сотовый телефон Samsung Galaxy A33 5G 6/128GB голубой,23230 сом,https://www.kivano.kg//images/product/106579/1652691866_03439300.jpg
Сотовый телефон Samsung Galaxy S22 8/128GB бежевый,53880 сом,https://www.kivano.kg//images/product/105300/1649754473_41211500.jpg
Сотовый телефон Samsung Galaxy A33 5G 6/128GB персиковый,23230 сом,https://www.kivano.kg//images/product/106580/1652691995_19543500.jpg
Сотовый телефон Samsung Galaxy A53 5G 6/128GB черный,28580 сом,https://www.kivano.kg//images/product/105301/1649760257_29490300.jpg
Сотовый телефон Samsung Galaxy A33 5G 6/128GB белый,23230 сом,https://www.kivano.kg//images/product/106581/1652692112_53592600.jpg
Сотовый телефон Samsung Galaxy A53 5G 6/128GB белый,28580 сом,https://www.kivano.kg//images/product/105302/1649760394_16626600.jpg
Сотовый телефон Samsung Galaxy A53 5G 6/128GB персиковый,28580 сом,https://www.kivano.kg//images/product/105303/1649760623_66398000.jpg
Сотовый телефон Apple iPhone 13 128GB зеленый,66170 сом,https://www.kivano.kg//images/product/105482/1650357323_84906500.png
Сотовый телефон Apple iPhone 13 256GB зеленый,79780 сом,https://www.kivano.kg//images/product/105483/1650357352_25448500.png
Сотовый телефон Apple iPhone 13 Pro Max 256GB зеленый,108180 сом,https://www.kivano.kg//images/product/104490/1647674948_37575000.png
Сотовый телефон Apple iPhone 14 Pro Max 1TB космический черный,161750 сом,https://www.kivano.kg//images/product/111173/1667071163_70803900.jpg
Сотовый телефон Apple iPhone 14 Pro Max 1TB серебристый,161750 сом,https://www.kivano.kg//images/product/111174/1667071276_10960400.jpg
Сотовый телефон Samsung Galaxy S22 8/128GB черный,53880 сом,https://www.kivano.kg//images/product/105293/1649752086_95407900.jpg
Сотовый телефон Samsung Galaxy S22 8/128GB белый,53880 сом,https://www.kivano.kg//images/product/105294/1649752235_95589400.jpg
Сотовый телефон Samsung Galaxy S22 8/128GB розовый,53880 сом,https://www.kivano.kg//images/product/105295/1649753441_00343800.jpg
Сотовый телефон Samsung Galaxy S22 8/128GB зеленый,53880 сом,https://www.kivano.kg//images/product/105296/1649753870_42409800.jpg
Сотовый телефон Samsung Galaxy S22 8/128GB серый,53880 сом,https://www.kivano.kg//images/product/105297/1649754043_99416300.jpg
Сотовый телефон Samsung Galaxy S22 8/128GB голубой,53880 сом,https://www.kivano.kg//images/product/105298/1649754174_37540500.jpg
Сотовый телефон Samsung Galaxy A33 5G 6/128GB черный,23230 сом,https://www.kivano.kg//images/product/106578/1652691752_34677700.jpg
Сотовый телефон Samsung Galaxy S22 8/128GB фиолетовый,53880 сом,https://www.kivano.kg//images/product/105299/1649754295_98434800.jpg
Сотовый телефон Samsung Galaxy A33 5G 6/128GB голубой,23230 сом,https://www.kivano.kg//images/product/106579/1652691866_03439300.jpg
Сотовый телефон Samsung Galaxy S22 8/128GB бежевый,53880 сом,https://www.kivano.kg//images/product/105300/1649754473_41211500.jpg
Сотовый телефон Samsung Galaxy A33 5G 6/128GB персиковый,23230 сом,https://www.kivano.kg//images/product/106580/1652691995_19543500.jpg
Сотовый телефон Samsung Galaxy A53 5G 6/128GB черный,28580 сом,https://www.kivano.kg//images/product/105301/1649760257_29490300.jpg
Сотовый телефон Samsung Galaxy A33 5G 6/128GB белый,23230 сом,https://www.kivano.kg//images/product/106581/1652692112_53592600.jpg
Сотовый телефон Samsung Galaxy A53 5G 6/128GB белый,28580 сом,https://www.kivano.kg//images/product/105302/1649760394_16626600.jpg
Сотовый телефон Samsung Galaxy A53 5G 6/128GB персиковый,28580 сом,https://www.kivano.kg//images/product/105303/1649760623_66398000.jpg
